{
    "rfcbot": {
        "aruco": 12, 
        "btnCalLF": 6, 
        "btnCalLR": 8, 
        "btnCalLS": 4, 
        "btnCalMPU": 3, 
        "btnCalRF": 7, 
        "btnCalRR": 9, 
        "btnCalRS": 0, 
        "btnExit": 11, 
        "btnHotkey": 12, 
        "driveAxisL": 1, 
        "driveAxisR": 3, 
        "driveHat": 0, 
        "mpu6050": {
            "accel_x_offset": 10.50936255246578, 
            "accel_y_offset": -0.33566946695556604, 
            "accel_z_offset": 1.3339103013427753, 
            "gyro_x_offset": -0.7633129770992367, 
            "gyro_y_offset": 2.335977099236643, 
            "gyro_z_offset": -0.6914427480916033
        }, 
        "name": "RFC12", 
        "servo": {
            "left": {
                "forward": 170, 
                "pin": 18, 
                "reverse": 130, 
                "stop": 150
            }, 
            "right": {
                "forward": 130, 
                "pin": 13, 
                "reverse": 170, 
                "stop": 150
            }
        }
    }
}